"wd16cd","wd16nm","lad16nm","2011_no2_total","2015_no2_total","2020_no2_total","2025_no2_total","2030_no2_total","2011_pm25_total","2011_pm25_secondary","2011_pm25_residual_salt","2015_pm25_total","2015_pm25_secondary","2015_pm25_residual_salt","2020_pm25_total","2020_pm25_secondary","2020_pm25_residual_salt","2025_pm25_total","2025_pm25_secondary","2025_pm25_residual_salt","2030_pm25_total","2030_pm25_secondary","2030_pm25_residual_salt"
"E05000650","Astley Bridge","Bolton",17.2268972298326,14.2997880060883,11.3376489756469,9.18014092085236,8.11128397260274,10.4589810121766,4.18244815372907,4.32902843987823,7.49941445205479,2.73722233028919,3.1753570761035,7.08667647640791,2.5056531978691,3.12728736681887,6.93449919330289,2.3905089847793,3.1252230761035,6.88595514764079,2.32067177473364,3.13398812024353
"E05000651","Bradshaw","Bolton",16.894483772776,14.3700181779207,11.3353837995713,9.21573737191854,8.18048808896034,10.4493065594855,4.20919577706324,4.2881622079314,7.41707799785638,2.74279136120043,3.11521793033226,7.01735485959271,2.51053162915327,3.06714794426581,6.87089234190782,2.39502724330118,3.06508382422294,6.82234181243301,2.32502557127546,3.07384893033226
"E05000652","Breightmet","Bolton",21.012851147541,17.8825350273224,14.1377945901639,11.4371091038251,10.123456784153,11.4117640710383,4.22871060655738,4.48815993989071,8.03449453278689,2.7591892704918,3.31469245081967,7.56735355464481,2.52479903551913,3.26662259289617,7.40456099726776,2.40822682240437,3.26455827868852,7.36224966393443,2.33785804644809,3.27332345081967
"E05000653","Bromley Cross","Bolton",15.8797773706897,13.3887672413793,10.5404382126437,8.52066094109195,7.53401193821839,10.1802302988506,4.18552441954023,4.26014026149425,7.26210211350575,2.73421022270115,3.09376825574713,6.87021423994253,2.50316889798851,3.04569844827586,6.72432959913793,2.38812801867816,3.04363413936782,6.67424384195402,2.31794579741379,3.05239924712644
"E05000654","Crompton","Bolton",24.4336697707736,20.857305243553,16.5981973638968,13.5003956733524,11.99688547851,12.1137052722063,4.19836457593123,4.57749911747851,8.65171050716332,2.74276849570201,3.4163616991404,8.12566489684814,2.51049206303725,3.36829181088825,7.95583081088825,2.39499032091691,3.36622750716332,7.92621208595989,2.32501909169054,3.3749926991404
"E05000655","Farnworth","Bolton",24.4539326712329,21.1434821917808,16.6255310958904,13.1841389041096,11.4489825296804,12.0270067579909,4.22856149315068,4.8882856803653,8.63401216210046,2.76529965753425,3.64980378995434,8.09036638356164,2.53011412785388,3.60173418949772,7.9075559086758,2.4131383652968,3.59966978995434,7.86647162557078,2.3426210456621,3.60843478995434
"E05000656","Great Lever","Bolton",26.3625734158416,22.8354648019802,18.1685494059406,14.8721194554455,13.2718973514851,12.2718848514851,4.226357,4.70036256435644,8.84122418811881,2.763395,3.50159795792079,8.28175342574257,2.528454,3.45352810643564,8.10975611386139,2.411602,3.45146395792079,8.08105717079208,2.341131,3.46022895792079
"E05000657","Halliwell","Bolton",25.5663591578947,22.6655967368421,17.8110144561404,14.2629343508772,12.5817242105263,12.1512182807018,4.21492563157895,4.61438276842105,8.99914427368421,2.75589024912281,3.45432190526316,8.43324060701754,2.52191736842105,3.40625196140351,8.24163177894737,2.40555583859649,3.40418778947368,8.20669833333333,2.33526666315789,3.41295290526316
"E05000658","Harper Green","Bolton",22.7377135220126,19.9724368238994,15.855383081761,12.6670973584906,11.0866305157233,11.596562672956,4.226357,4.8165456509434,8.50586147169811,2.763395,3.64293789308176,7.98765447798742,2.528454,3.59486832075472,7.8041198490566,2.411602,3.59280389622641,7.75613018553459,2.341131,3.60156889308176
"E05000659","Heaton and Lostock","Bolton",18.9919828268991,16.3861603486924,12.7731606600249,10.3296448181818,9.11802009090909,10.7377746575342,4.157540501868,4.42590227770859,7.99754578206725,2.74512112702366,3.29728143960149,7.5530261494396,2.5124928256538,3.24921154545455,7.4000234607721,2.39680846201743,3.2471473362391,7.35434179825654,2.32677955417186,3.2559123362391
"E05000660","Horwich and Blackrod","Bolton",18.2947279058663,15.1082352864939,11.9255390914052,9.73244025170532,8.61213449181446,10.8585421527967,4.07019317598909,4.64609318212824,8.52984355252387,2.70958440723056,3.63091822373806,8.08495387517053,2.48024783628922,3.58278947135061,7.93343690518417,2.36621782673943,3.58069127421555,7.88588902319236,2.29702175034106,3.5894327053206
"E05000661","Horwich North East","Bolton",16.5760954207436,13.7599567514677,10.8894575802348,8.9256072074364,7.947003981409,10.481898239726,4.11826767710372,4.3209375,7.66443652641879,2.72402428473581,3.22632400587084,7.26055385225049,2.49410764383562,3.17825401761252,7.11906593737769,2.3797958630137,3.17618981996086,7.07403687181996,2.31027709099804,3.18495481996086
"E05000662","Hulton","Bolton",20.1682583763133,17.3973035243553,13.7234714708691,10.8945138720153,9.45138640401146,11.183277860554,4.18992534765998,4.82587580897803,8.46202852913085,2.7610872425979,3.77594373925501,7.99234604584527,2.52641586723973,3.72787400095511,7.82255297898758,2.40969813849093,3.7258095243553,7.77184591595033,2.33928202292264,3.73457452626552
"E05000663","Kearsley","Bolton",24.324376875,20.4928810807292,16.1767492838542,12.9319662890625,11.2599545976563,11.9557895052083,4.2883791015625,4.90559316145833,8.51622984114583,2.78728184765625,3.75630978125,7.98814693880208,2.54929576432292,3.70823989583333,7.8138524140625,2.43090484505208,3.70617562630208,7.76998088932292,2.35985494401042,3.71494074088542
"E05000664","Little Lever and Darcy Lever","Bolton",21.6956308543689,18.0600914174757,14.3221421165049,11.5869575145631,10.2079321456311,11.4388990679612,4.25812661553398,4.57611725048544,8.06655834951456,2.77029686407767,3.41663919805825,7.59613750291262,2.53448487378641,3.36856941359223,7.43410363883495,2.41719346407767,3.36650512621359,7.38980825242718,2.34655609514563,3.37527019805825
"E05000665","Rumworth","Bolton",23.0670037948718,20.2837983589744,15.8983537948718,12.8606194871795,11.3651748871795,11.6087068717949,4.2069814,4.62168981025641,8.65868144102564,2.75901901538462,3.4909093948718,8.12520155897436,2.52462868205128,3.44283977948718,7.94762131282051,2.40805443589744,3.44077539487179,7.90935698461538,2.33768933333333,3.4495403948718
"E05000666","Smithills","Bolton",16.2198232876712,13.7500363744292,10.9104701753425,8.89791483561644,7.88525651324201,10.2125256502283,4.13558882283105,4.29345831324201,7.48026229041096,2.72719314885845,3.17319135981735,7.07971427305936,2.49688329315069,3.12512145753425,6.93065105753425,2.38237368584475,3.12305727762557,6.87979280273973,2.3127780739726,3.13182227762557
"E05000667","Tonge with the Haulgh","Bolton",25.8003413915858,21.8800308414239,17.5053145631068,14.3711597411003,12.8201138058252,12.4308036569579,4.21447515533981,4.64012034627832,8.83162344012945,2.75463974110032,3.43166208090615,8.31001064724919,2.5208297605178,3.38359247572816,8.15672755987055,2.40455089967638,3.38152808090615,8.13766121682848,2.33429203559871,3.39029308090615
"E05000668","Westhoughton North and Chew Moor","Bolton",19.2443762388592,16.2932242661913,12.8889393107546,10.4909421859774,9.26011124539513,11.1028914973262,4.1381417694593,4.71076860487225,9.01673555020796,2.74386345573381,3.71358506714201,8.57858333571004,2.51137546939988,3.66551535472371,8.4187656916221,2.395760704694,3.663451,8.36750268746286,2.3257622097445,3.67221608140226
"E05000669","Westhoughton South","Bolton",18.1366847770701,15.4592039012739,12.2061037579618,10.1056088073248,9.06677034235669,10.8073978025478,4.13946151433121,4.45807229936306,9.6549201910828,2.75376068789809,3.39743552388535,9.20099349681529,2.51999061464968,3.34936586464968,9.02812292197452,2.40372632324841,3.34730144267516,8.97194272292994,2.33348677866242,3.35606644267516
"E05000670","Besses","Bury",30.2870951383399,24.2811268379447,19.1630643083004,14.8929793675889,12.7170956126482,13.087467312253,4.40746549407115,5.26765529249012,9.0834788972332,2.84167730434783,4.11281827667984,8.52381614624506,2.61070696837945,4.06160354545455,8.34799070750988,2.49675775494071,4.05924485770751,8.31779739525692,2.42988198418972,4.06829854545455
"E05000671","Church","Bury",19.495279575,16.94671965,13.43606715,10.832776945,9.54220401,10.972305675,4.26267008,4.426636505,7.6210792175,2.75729464,3.23354895,7.188464515,2.52318352,3.1854790075,7.0352624675,2.40675568,3.1834147975,6.990142305,2.3364344,3.19217995
"E05000672","East","Bury",25.236536175772,21.1942069833729,17.0665963420428,13.6773500617577,11.9235930261283,12.5074140855107,4.36549394299287,4.83223504038005,8.55312019239905,2.81404533016627,3.68894081947743,8.05508796674584,2.58604557007126,3.63786028503563,7.89277117814727,2.47356261995249,3.63551413064133,7.8576039976247,2.40712243705463,3.64455562232779
"E05000673","Elton","Bury",19.4689156845238,17.1615211309524,13.5815869940476,10.9884781309524,9.71874281845238,10.9375038690476,4.26563592261905,4.37634069940476,7.60425104761905,2.75815626785714,3.19970613988095,7.16923022619048,2.52497865178571,3.15140254761905,7.01350130654762,2.40908970535714,3.14931585416667,6.96676259226191,2.339156125,3.15810263095238
"E05000674","Holyrood","Bury",29.6500476718404,23.789739113082,18.8198485144124,14.6404994678492,12.4917046563193,13.0123674501109,4.41682076718403,5.26748203104213,9.05195797339246,2.8491627804878,4.15184673170732,8.49209019955654,2.61723170953437,4.10063185365854,8.31562111308204,2.50279584035477,4.09827308203991,8.28298494013304,2.43573825720621,4.10732701995565
"E05000675","Moorside","Bury",22.7136418589744,19.0729603632479,15.2171381196581,12.1741164401709,10.6284587606838,11.9564620726496,4.36912155982906,4.76867882051282,8.24203674786325,2.81607565384615,3.61367821367521,7.77288117307692,2.58826399358974,3.56249681410256,7.61574625854701,2.47590477564103,3.56014152350427,7.57671496581197,2.4095915,3.56919228205128
"E05000676","North Manor","Bury",16.6045043602866,13.8261479222109,10.9437213776868,8.82585970522006,7.76367793449335,10.404997258956,4.28063034698055,4.35543905834186,7.20932308290686,2.76624484544524,3.1954578024565,6.81959588741044,2.53488424667349,3.14653490071648,6.6765312691914,2.41996401023541,3.14439056704197,6.62617788331627,2.35059490583419,3.15323395394063
"E05000677","Pilkington Park","Bury",25.3117511772853,20.4155672714681,16.1456751385042,12.8126318836565,11.0978619889197,12.0536391966759,4.33654000831025,4.92645566759003,8.43800538781163,2.80597448753463,3.77754101939058,7.93547612880886,2.56955074930748,3.7285824501385,7.76849565235457,2.45220288504155,3.7264350567867,7.72625968836565,2.3822522299169,3.7352817132964
"E05000678","Radcliffe East","Bury",20.7976691653787,17.1983607727975,13.7445340340031,11.2272841267388,9.96972273724884,11.2348267697063,4.29551843122102,4.50605089026275,7.78179148222566,2.77974213601236,3.33915043431221,7.33226721020093,2.54331741885626,3.29094923802164,7.17587176352396,2.42575455177743,3.28887290417311,7.13084935857805,2.3551183431221,3.29764995517774
"E05000679","Radcliffe North","Bury",19.1555623504273,16.1706413960114,12.7690225213675,10.3186699430199,9.11170925071225,10.9436802849003,4.27954048433048,4.43695576210826,7.65829512678063,2.76920788034188,3.2868560014245,7.22413398433048,2.53355795441595,3.23878618091168,7.07001042022792,2.41635055840456,3.23672195441595,7.02308878774929,2.34574053561254,3.2454870014245
"E05000680","Radcliffe West","Bury",20.8258154989817,17.2480805702648,13.7204557637475,11.1415725661914,9.84201072505092,11.2323048676171,4.291283,4.54892879837067,7.87473978004073,2.7775,3.41187036863544,7.4171089796334,2.540779,3.36380065784114,7.25680998574338,2.423029,3.36173636863544,7.20963386965377,2.352218,3.37050139307536
"E05000681","Ramsbottom","Bury",15.467926506647,12.6141934608567,10.1536536373708,8.30008456868538,7.3294245620384,10.0671614002954,4.23913528951256,4.29714191063515,6.95721179542097,2.74185801033973,3.1130800605613,6.5828169844904,2.51246619054653,3.06450843574594,6.44307512333826,2.39794380649926,3.06239736189069,6.38885129025111,2.32728346085672,3.07120846528804
"E05000682","Redvales","Bury",22.7140121138211,18.7991644715447,15.1677549864499,12.3779277506775,10.9464890243902,11.6726429539295,4.37633237669377,4.60610936314363,8.12780908401084,2.82367385365854,3.43063689430894,7.66775576693767,2.59194675067751,3.38011252303523,7.5137471300813,2.47741927642276,3.37781858536585,7.47635874796748,2.40977466124661,3.38680904065041
"E05000683","St Mary's","Bury",25.6785431062124,20.8574039078156,16.4614949498998,13.0976291182365,11.3796056312625,12.2374745691383,4.41709935270541,4.93724906613226,8.58899278757515,2.85544782965932,3.78059346292585,8.07619571743487,2.61987875150301,3.73001508216433,7.90606395390782,2.50342079158317,3.72771576553106,7.86346789779559,2.43509831663327,3.73671127054108
"E05000684","Sedgley","Bury",23.8068972641509,19.9887744811321,15.9170122641509,12.7422766509434,11.1693558018868,11.9133930660377,4.440872,4.72960518867924,8.29974701415094,2.868407,3.54004029716981,7.82455953773585,2.634006,3.48882529716981,7.66010278773585,2.518319,3.48646647641509,7.62231838207547,2.450794,3.49552047641509
"E05000685","Tottington","Bury",16.133789871134,13.8151035953608,10.9107875270619,8.87865618041237,7.87405873195876,10.3013479729381,4.25673451804124,4.24719684407216,7.15223801417526,2.75334103092783,3.06928601030928,6.76116754639175,2.51974026804124,3.02121608891753,6.6163188685567,2.40357094845361,3.01915191365979,6.56468760051546,2.33334547680412,3.02791691494845
"E05000686","Unsworth","Bury",24.6326795742232,19.953869401611,15.9967327272727,12.7763707019563,11.0943544787112,12.2103732451093,4.406654,5.07351182163406,8.68101090103567,2.841028,4.00751057767549,8.20747088952819,2.610141,3.95629588262371,8.04795789873418,2.496234,3.95393689413119,8.0073346018412,2.429374,3.96299103337169
"E05000687","Ancoats and Clayton","Manchester",28.9830005630631,24.5461003828829,19.4370393018018,15.7859892567568,14.0360001351351,12.7247941216216,4.53812073648649,4.71021173648649,9.15196840315315,2.91906287837838,3.6363070518018,8.59225064414414,2.67258804054054,3.58818952702703,8.41230586036036,2.54958740540541,3.58604901351351,8.37344050900901,2.47424477027027,3.59491615540541
"E05000688","Ardwick","Manchester",29.1820146699266,26.2453599022005,20.862536405868,16.8306046210269,14.8683773105134,12.7960332518337,4.53966729095354,4.86196849633252,9.14642856968215,2.91938306356968,3.79229135207824,8.54405772860636,2.67285729828851,3.74417393154034,8.35400241320293,2.54981360146699,3.74203324205379,8.31647739364303,2.47446078973105,3.75090059657702
"E05000689","Baguley","Manchester",25.242249140625,21.4443990885417,17.1863211197917,13.7077702083333,11.9182451822917,12.1589114583333,4.53335,4.88402546354167,8.58154610677083,2.982123,3.710753921875,8.02914455729167,2.728054,3.66263594791667,7.8442037421875,2.601865,3.66049559895833,7.80335470572917,2.525065,3.6693627578125
"E05000690","Bradford","Manchester",27.8992972254335,23.6145377456647,18.6976736030829,15.2055719845857,13.5040481310212,12.5439780539499,4.55029033526012,4.70216457225434,8.85714012331407,2.92157505202312,3.62155738150289,8.30460089402698,2.67470306358382,3.57343977649326,8.13641958574181,2.55136998843931,3.5712990211946,8.10209728323699,2.47594812716763,3.58016638150289
"E05000691","Brooklands","Manchester",23.070234057971,20.149056352657,15.94219,12.6053367874396,10.9675307681159,11.6689521014493,4.48780284782609,4.65132519565217,8.28065574396135,2.94459574396135,3.50201582125604,7.77144809178744,2.69239486956522,3.45416668599034,7.59206652173913,2.56710035748792,3.45194163285024,7.54810285024155,2.4907990821256,3.4606839057971
"E05000692","Burnage","Manchester",23.6642359227468,20.3781502145923,16.2395610300429,13.0270081974249,11.4322905150215,11.7855054077253,4.580669,4.62319753218884,8.33735973390558,2.958251,3.48191717167382,7.82507820171674,2.706714,3.43380003862661,7.64484119742489,2.581009,3.43165903862661,7.60180494420601,2.504685,3.44052603862661
"E05000693","Charlestown","Manchester",25.6053741620112,21.6354292178771,17.1982291061453,13.7402470391061,12.0177100837989,12.4268991061453,4.509373,4.98192499441341,8.67751153351955,2.882227,3.73551984078212,8.16956797765363,2.645619,3.68430494972067,8.00225189385475,2.528051,3.68194626536313,7.96669915083799,2.460084,3.69099994972067
"E05000694","Cheetham","Manchester",27.5376968710359,23.8068141437632,18.809337230444,15.0726205919662,13.2635752219873,12.5211994503171,4.46598516067653,4.75498735306554,8.85558482452431,2.88231793023256,3.67916758985201,8.32757990697674,2.64454783086681,3.62884308245243,8.16043812896406,2.52684195137421,3.6265471627907,8.13125233826639,2.45708947145877,3.63554739534884
"E05000695","Chorlton","Manchester",23.597807611336,20.6524421052632,16.3996586639676,12.9590616194332,11.2686147246964,11.7551588663968,4.508597,4.69628750202429,8.42049258299595,2.942399,3.56579887449393,7.89567738461538,2.693348,3.51768110121458,7.70438945748988,2.569693,3.51554050607287,7.65587055060729,2.493867,3.52440787449393
"E05000696","Chorlton Park","Manchester",22.5284458958333,19.3413453125,15.4372707708333,12.1766103958333,10.5339245270833,11.5784513958333,4.508597,4.70029598541667,8.18256301875,2.942399,3.51093668333333,7.70219851666667,2.693348,3.46281916458333,7.5276422875,2.569693,3.46067852916667,7.48103288541667,2.493867,3.46954554375
"E05000697","City Centre","Manchester",35.1032840705128,32.7365161858974,25.9455656089744,20.7069052564103,18.2034632051282,14.0272381410256,4.48741376923077,5.16808871794872,9.96976644871795,2.90856494871795,4.15199603846154,9.19366757371795,2.66375987179487,4.10387853525641,8.9561189775641,2.5421711025641,4.10173803525641,8.91399248397436,2.46716212820513,4.11060520833333
"E05000698","Crumpsall","Manchester",23.9636018867925,20.7428508490566,16.473773427673,13.2513424213836,11.724228836478,11.9210519496855,4.46241319496855,4.67502,8.3780220754717,2.87275291194969,3.53126667610063,7.89630639308176,2.63765788679245,3.48005167610063,7.73174893396226,2.52137937735849,3.47769322955975,7.69666707232704,2.4537153836478,3.48674722955975
"E05000699","Didsbury East","Manchester",26.0503253521127,22.3590971830986,17.8948911830986,14.0908669577465,12.1356681408451,12.2909761971831,4.55622323380282,4.87333532394366,8.5754510028169,2.96241084225352,3.66794071830986,8.02460390422535,2.71055823661972,3.61982329577465,7.83464715211268,2.58503933239437,3.61768270422535,7.79170649295775,2.50866050422535,3.62654971830986
"E05000700","Didsbury West","Manchester",24.5622002097902,21.295913951049,16.9303152447552,13.2499840559441,11.4331173776224,11.890218006993,4.508597,4.7431287027972,8.36297065034965,2.942399,3.5594431013986,7.85469211538462,2.693348,3.51132549300699,7.67306042657343,2.569693,3.50918484265734,7.62971826223776,2.493867,3.5180521013986
"E05000701","Fallowfield","Manchester",23.804721277533,20.7375766079295,16.4082665198238,12.9902030837004,11.3589557709251,11.8354820704846,4.53018685022026,4.73965235682819,8.52185960352423,2.94714761674009,3.61523279735683,8.01822023348018,2.69735191189427,3.56711515418502,7.83345446696035,2.57308281497797,3.56497433920705,7.78806264317181,2.49710763436123,3.57384167400881
"E05000702","Gorton North","Manchester",25.6326625356125,21.7563681196581,17.0886067236467,13.6999491737892,12.0686933333333,12.1142693732194,4.55353615384615,4.71726134472934,8.64482226780627,2.92218946153846,3.62960527920228,8.10585937606838,2.67523884615385,3.58148773219373,7.92497556695157,2.55186582051282,3.57934701139601,7.88274071509971,2.47642930769231,3.58821433618234
"E05000703","Gorton South","Manchester",24.7108036060606,21.2995634848485,16.7305573030303,13.3627972727273,11.7454218484848,11.8909368484848,4.56352093333333,4.64169624848485,8.56347227878788,2.93626227575758,3.53915813636364,8.01612482727273,2.68752195454545,3.49104091212121,7.82134974848485,2.56323893636364,3.48889991212121,7.77461250606061,2.48745598484848,3.49776736666667
"E05000704","Harpurhey","Manchester",25.7724301041667,21.9866153645833,17.30145046875,13.9950459375,12.4204309635417,12.1734856510417,4.51011137239583,4.65174500520833,8.71913203385417,2.882942859375,3.54401710416667,8.22059677083333,2.6461479375,3.492858578125,8.0557845390625,2.5284749375,3.4905038125,8.02138525520833,2.46037207552083,3.49955440364583
"E05000705","Higher Blackley","Manchester",24.2021288051209,20.4488592034139,16.3543626742532,12.9418235561878,11.1957337411095,12.1053876386913,4.46096020341394,4.94264368136558,8.44309175817923,2.87133002987198,3.73895447083926,7.95263814082504,2.63641473541963,3.68773943527738,7.78482973115221,2.5202220625889,3.68538082788051,7.74570043954481,2.45259192318634,3.6944347083926
"E05000706","Hulme","Manchester",28.5164529957806,26.2992897468354,20.9323753164557,16.738079535865,14.7055043037975,12.7121685232068,4.480275,4.86835123206751,9.12739358649789,2.907087,3.84750827848101,8.53288939240506,2.662517,3.79939064556962,8.33777400421941,2.541127,3.79724988607595,8.29798295780591,2.466165,3.80611727848101
"E05000707","Levenshulme","Manchester",25.5913940851064,21.8507647234043,17.4474106382979,14.1623272340426,12.5615720425532,12.0710700425532,4.580669,4.66262455319149,8.62682234042553,2.958251,3.53891582978723,8.07501421276596,2.706714,3.49079872340426,7.88736057446809,2.581009,3.48865781702128,7.84731280851064,2.504685,3.4975248212766
"E05000708","Longsight","Manchester",26.4069056375839,23.1159031543624,18.4172936241611,14.7749393959732,12.9927802013423,12.2123202013423,4.55463097315436,4.77310632885906,8.84311326174497,2.92717043624161,3.68910052348993,8.28622717449664,2.67958679194631,3.64098291275168,8.08787222818792,2.55589187248322,3.63884198657718,8.04409958389262,2.48033232885906,3.64770952348993
"E05000709","Miles Platting and Newton Heath","Manchester",26.8218620092379,22.5667637644342,17.4881294688222,14.1894137644342,12.6178673672055,12.2664437875289,4.53054052193995,4.6633551039261,8.91907984988453,2.90287168822171,3.54293442725173,8.39811996535797,2.66086964665127,3.49335074133949,8.23025576443418,2.54027314318707,3.49110664665127,8.19030281755196,2.46838275750577,3.50006221016166
"E05000710","Moss Side","Manchester",26.1890599447514,22.996682320442,18.1417349171271,14.3497833149171,12.5689480662983,12.1188774033149,4.48448654696133,4.72649993922652,8.70664897237569,2.91153829281768,3.61983382320442,8.17709321546961,2.66639831491713,3.57171586740332,7.98803939779006,2.54471159668508,3.56957568508287,7.94621133701657,2.46963951933702,3.57844282320442
"E05000711","Moston","Manchester",24.5737155737705,21.1954817377049,16.4452841967213,13.2164066557377,11.6656310163934,11.9651087868852,4.509373,4.64895625245902,8.46849259672131,2.882227,3.47303027868852,7.9545517442623,2.645619,3.42181547540984,7.78423503278689,2.528051,3.41945667213115,7.74498343934426,2.460084,3.42851067213115
"E05000712","Northenden","Manchester",27.346161402214,23.8821966605166,19.0959330627306,14.809959704797,12.5577023431734,12.7162681918819,4.52010577490775,5.14631364575646,8.9320083302583,2.96086846125461,3.89964912915129,8.36970435793358,2.70948436900369,3.85153113653137,8.18102938376384,2.58465119926199,3.84939084132841,8.14339668081181,2.50837234317343,3.85825813653137
"E05000713","Old Moat","Manchester",23.6426797687861,20.7124561849711,16.4111869364162,13.0028215606936,11.396945433526,11.7262922543353,4.51901202890173,4.6477876416185,8.33094584971098,2.94468975144509,3.49275131213873,7.84047698843931,2.69527950289017,3.44463368786127,7.66232059537572,2.57132826011561,3.44249268786127,7.6197052716763,2.49543029479769,3.45135968786127
"E05000714","Rusholme","Manchester",25.3570263316583,22.2824751256281,17.6624349246231,14.0746398492462,12.3723677889447,12.0511930150754,4.56195182914573,4.74754570351759,8.71243876884422,2.94077052763819,3.66746844221106,8.18401956281407,2.69148950251256,3.61935063819095,7.9925321959799,2.5669861758794,3.61721002512563,7.94775878894472,2.49109950251256,3.62607744221105
"E05000715","Sharston","Manchester",24.6192539473684,21.4418943274854,17.1406885087719,13.7960402339181,12.0728253508772,11.917170994152,4.53335,4.66293293274854,8.39044859356725,2.982123,3.51734952339181,7.82227158479532,2.728054,3.46923201461988,7.62835492690058,2.601865,3.46709107309941,7.58655775730994,2.525065,3.47595898830409
"E05000716","Whalley Range","Manchester",24.7564545299145,21.2958013675214,16.8475234615385,13.3489687606838,11.6838611965812,11.9355002564103,4.50194011965812,4.71435744017094,8.50905111538462,2.93409917094017,3.55705408974359,7.99361368376068,2.6861013974359,3.50893608974359,7.80780499145299,2.56297876923077,3.50679580769231,7.76436717948718,2.48735584615385,3.51566294871795
"E05000717","Withington","Manchester",24.1535909493671,20.9698868987342,16.5932729113924,13.1927117721519,11.5776540506329,11.8295555063291,4.57428287341772,4.63088653164557,8.42185432911392,2.95684639240506,3.49832019620253,7.91330141772152,2.70552967088608,3.45020280379747,7.72893401265823,2.5800063164557,3.44806180379747,7.6860037721519,2.50372644303797,3.45692880379747
"E05000718","Woodhouse Park","Manchester",26.1952787271142,22.1856404359198,18.2084148125545,15.622047119442,14.0727941778553,11.9523965736704,4.53813318831735,4.51635584655623,8.27131640278989,2.9972931255449,3.44319765562337,7.57779065911072,2.73692737489102,3.39511936355711,7.33475748735833,2.60697536617262,3.39296623888405,7.28522029206626,2.52803990235397,3.40181515344377
"E05000719","Alexandra","Oldham",22.2714428834356,18.4272305214724,14.7420055521472,12.1137390858896,10.8579711165644,11.6981863496933,4.58994154601227,4.51125150920245,8.21050758895706,2.89802047239264,3.35511048159509,7.73551092944785,2.65939376687117,3.30389555828221,7.58105945705521,2.54080001226994,3.3015372791411,7.54920711656442,2.47245684662577,3.3105912791411
"E05000720","Chadderton Central","Oldham",26.8143744378698,22.1923453846154,17.8502117357002,14.6633232938856,13.0861346548323,12.6864361538462,4.51696400591716,4.83890166666667,8.79967765680473,2.87749299013807,3.63855193293886,8.27340765877712,2.64149804339251,3.58733693293886,8.11950296646943,2.52424290729783,3.5849780433925,8.09581347731755,2.45639340631164,3.59403193293886
"E05000721","Chadderton North","Oldham",23.6195477506775,19.3765862601626,15.5877092411924,12.7707328726287,11.3591688075881,12.0061259620596,4.50593082113821,4.7098088699187,8.3277035203252,2.86176730081301,3.54270274525745,7.84858052303523,2.62780059349594,3.49148774525745,7.69794797289973,2.51157929268293,3.48912877235772,7.66585482113821,2.44411465853659,3.49818277235772
"E05000722","Chadderton South","Oldham",28.8106108189655,23.9146026293103,19.0820800431034,15.338345,13.4635030172414,13.1969040086207,4.54391,5.09333270689655,9.19124632758621,2.8889875,3.89614234051724,8.62971796551724,2.6515155,3.84492734482759,8.45959865517241,2.5335085,3.84256840517241,8.43574706034483,2.4653805,3.85162236206897
"E05000723","Coldhurst","Oldham",27.1497809160305,22.576886259542,18.2543353816794,14.9851006870229,13.3867583587786,12.8450379389313,4.54811796183206,4.83785022137405,8.86158867175572,2.87481230534351,3.67398680534351,8.33462194274809,2.63917424427481,3.62277180534351,8.17667650381679,2.52210329770992,3.62041311832061,8.15608819083969,2.45432429770992,3.6294668778626
"E05000724","Crompton","Oldham",19.7741470247934,16.1957059297521,12.9046740289256,10.5119282376033,9.31577911363636,11.2116739669421,4.52409830578512,4.52018651446281,7.74918536363636,2.86013780991736,3.34674163636364,7.32365941322314,2.62639924793388,3.29552664876033,7.18034507024793,2.51029643801653,3.29316821694215,7.14307369628099,2.44287367768595,3.30222221694215
"E05000725","Failsworth East","Oldham",24.7896007048458,20.6615655286344,16.4704712114537,13.3235701101322,11.7399476872247,12.2932015418502,4.57707518502203,4.89808805286344,8.64216141409692,2.89956571806167,3.72948834361233,8.12099157048458,2.66004964757709,3.67868264096916,7.95214714317181,2.54093137444934,3.67635312334802,7.91558330176211,2.47169002202643,3.68538221365639
"E05000726","Failsworth West","Oldham",23.7132350387597,20.0955688372093,15.6320841472868,12.7384778294574,11.3384444186047,11.8075542635659,4.51796002325581,4.61060544573643,8.33726424031008,2.88682334883721,3.43637738372093,7.83515248062016,2.64914093023256,3.38545057364341,7.67319498449612,2.53097586046512,3.38311233333333,7.63541500775194,2.46229309302326,3.39214903100775
"E05000727","Hollinwood","Oldham",27.0905886428571,22.5179896785714,18.0208793928571,14.53070475,12.8145089642857,12.8095885357143,4.578447,4.96021053928571,8.97923314642857,2.895748,3.79174234285714,8.43264797142857,2.657412,3.74052734285714,8.26488650714286,2.538966,3.73816867857143,8.24024529642857,2.470677,3.74722267857143
"E05000728","Medlock Vale","Oldham",23.7948271823204,19.4566036740332,15.5690304143646,12.7692370718232,11.427833121547,12.0215251104972,4.578447,4.64000465745856,8.42526622928177,2.895748,3.50971293922652,7.92494738950276,2.657412,3.45849816574586,7.76679291436464,2.538966,3.45613970718232,7.73702814917127,2.470677,3.46519370718232
"E05000729","Royton North","Oldham",21.3570577777778,17.1028659920635,13.7124716269841,11.1866999007937,9.91079335515873,11.571734047619,4.53817382936508,4.61680728571429,7.87313775793651,2.86858081349206,3.43068048611111,7.42993332539683,2.63374540873016,3.37946575,7.28332322222222,2.51708346428571,3.37710693650794,7.24472958333333,2.44945613095238,3.38616092460317
"E05000730","Royton South","Oldham",22.7538587064677,18.9287345522388,15.3313578855721,12.716562238806,11.446468318408,11.9434751243781,4.539495,4.56888441542289,8.17587890298507,2.86886,3.41956314925373,7.71069471393035,2.633989,3.36834814925373,7.56703627860697,2.517309,3.36598948756219,7.5409125920398,2.449675,3.37504348756219
"E05000731","Saddleworth North","Oldham",14.1470770102601,11.1530530353138,8.95055196850394,7.4872312445717,6.71041021283703,10.0916693206872,4.62622208208065,4.15711454306848,7.04480481889764,2.89230663183011,3.0383792445717,6.68175949248389,2.65108938749702,2.98756792627058,6.54677626604629,2.53074607420663,2.98542073538535,6.49397737652112,2.45996932450489,2.99463961751372
"E05000732","Saddleworth South","Oldham",12.9683289978547,10.0876903558075,8.14046217591174,6.85452501041986,6.16514484400858,9.94175937021146,4.71293660220656,4.14119456604352,7.08362761507815,2.93346241618143,3.09014022157524,6.71681438063132,2.68304617744407,3.03979502758198,6.57630441679436,2.55751459056083,3.03789216794361,6.51771690285014,2.48276118571866,3.0473014547962
"E05000733","Saddleworth West and Lees","Oldham",19.3288339344262,15.8705577283372,12.6972129508197,10.4339503583138,9.32598956674473,11.1616556440281,4.63679437236534,4.37353401639344,7.90989102810304,2.90412782201405,3.23157669320843,7.47501345901639,2.66472594379391,3.18036169320843,7.32548891100703,2.54573906323185,3.17800316393443,7.28744068852459,2.47725276580796,3.18705716393443
"E05000734","St James'","Oldham",19.933578253012,16.2801761445783,13.081308875502,10.7996399678715,9.67949999598394,11.3677439156627,4.56649323293173,4.44026864056225,7.8832628253012,2.87497354216867,3.33887913253012,7.45323918473896,2.63932374698795,3.28766420080321,7.31207953012048,2.52224785943775,3.28530531526104,7.27837111445783,2.45446783534137,3.29435926506024
"E05000735","St Mary's","Oldham",26.0762920143885,21.6823775179856,17.4873347482014,14.414281618705,12.9337907194245,12.520368057554,4.56051226618705,4.65883425539568,8.65136497122302,2.88336791366907,3.48925176258993,8.13169706834532,2.64662730935252,3.43803726978417,7.98010389208633,2.52899443165468,3.43567844964029,7.96294704316547,2.46100701438849,3.44473231654676
"E05000736","Shaw","Oldham",17.3788553133515,14.1821442234332,11.3190002711172,9.28740942506812,8.271118873297,10.7474141825613,4.55551914305177,4.36901189918256,7.48398757220709,2.86771745231608,3.24385468119891,7.08266786103542,2.63301392370572,3.19263968119891,6.9423079986376,2.51642094550409,3.19028111307902,6.90006788010899,2.44881667029973,3.19933497138965
"E05000737","Waterhead","Oldham",22.0797715289256,18.0430115702479,14.4709520661157,11.9097058016529,10.6815994173554,11.752307107438,4.56737173140496,4.51132566115702,8.13696421900826,2.87762799586777,3.35770088016529,7.67114697933884,2.64163459917355,3.30648588016529,7.52320019834711,2.52438341735537,3.30412699586777,7.49494438016529,2.45653825206612,3.31318099586777
"E05000738","Werneth","Oldham",27.5979920731707,22.667672195122,18.0693020121951,14.5985492073171,12.9137592073171,12.8647854878049,4.578447,4.88810856097561,8.95743522560976,2.895748,3.70980655487805,8.42389813414634,2.657412,3.65859155487805,8.25978023780488,2.538966,3.6562328597561,8.23762835365854,2.470677,3.6652868597561
"E05000739","Balderstone and Kirkholt","Rochdale",25.7682239156627,20.3653701204819,15.9078762449799,12.5200821184739,10.7971634678715,12.3809881124498,4.48510412048193,5.12991395381526,8.64542112449799,2.84424306425703,3.98030814658635,8.14561712449799,2.61255691767068,3.92909324096386,7.98525423493976,2.49749914257028,3.92673454417671,7.9486686626506,2.43046028915663,3.93578859437751
"E05000740","Bamford","Rochdale",19.4688291588785,15.9090003271028,12.674878317757,10.3148609345794,9.12995954906542,11.0691399766355,4.434156,4.43910610747664,7.58549612149533,2.830686,3.26086913084112,7.1700503317757,2.600731,3.20965417990654,7.02538944626168,2.486553,3.20729543224299,6.98375526869159,2.41984,3.21634943224299
"E05000741","Castleton","Rochdale",24.769189503632,19.6745500968523,15.5691229782082,12.5000018038741,10.8878707978208,12.1453180145278,4.45733344915254,4.94492640799032,8.40993776634383,2.84487019249395,3.78402965496368,7.91342113801453,2.61307819249395,3.73281481719128,7.75700063317191,2.49796349273608,3.73045604842615,7.71996182566586,2.43090627723971,3.7395099503632
"E05000742","Central Rochdale","Rochdale",23.5681549456522,20.5095006521739,16.5731663586957,13.6750925543478,12.1505204891304,12.048589076087,4.47516035869565,4.6023064076087,8.41195308152174,2.84012664130435,3.43919020108696,7.91766283152174,2.60897176086957,3.38797520108696,7.76054655978261,2.49418452173913,3.38561664673913,7.73106435326087,2.42724514130435,3.39467064673913
"E05000743","East Middleton","Rochdale",25.3454067657993,21.0294382156134,16.7927259107807,13.7426439033457,12.2352482527881,12.2628408550186,4.48470151301115,4.6997074535316,8.45694046840149,2.863663,3.49019162825279,7.94615300743494,2.62944400371747,3.43897662825279,7.7911459330855,2.51309249442379,3.43661769516729,7.76335571747212,2.44557812639405,3.44567162825279
"E05000744","Healey","Rochdale",16.913111971831,13.5991229401408,10.9757056478873,9.06209372183099,8.05087329929577,10.5466506672535,4.42099318838028,4.32758419366197,7.22177772359155,2.81853971830986,3.14432635387324,6.83034129577465,2.5867545334507,3.09311159859155,6.68857755633803,2.47062810739437,3.09075293133803,6.64336188908451,2.4030929665493,3.09980683098592
"E05000745","Hopwood Hall","Rochdale",24.6859835962877,19.3430266589327,15.2794755916473,12.1785950580046,10.5798665916473,12.1311778538283,4.4566407424594,5.00122669141531,8.44389534686775,2.85090427958237,3.89721920649652,7.95531520301624,2.61842310092807,3.84600421693735,7.79820277958237,2.50312655800464,3.84364548491879,7.75870826102088,2.43594649187935,3.85269946983759
"E05000746","Kingsway","Rochdale",23.0695853185596,19.2079117174515,15.1725614127424,12.2848320221607,10.8224713434903,11.9838764542936,4.498095,4.81104845429363,8.68468999168975,2.845407,3.64238879224377,8.22279947645429,2.613581,3.59117376454294,8.07312037950138,2.498453,3.58881490858726,8.04244059833795,2.431387,3.59786890858726
"E05000747","Littleborough Lakeside","Rochdale",14.7019192584515,11.401070219193,9.03294189022174,7.44682795783351,6.59978907778989,10.079327040349,4.49360931443112,4.30153228426027,6.95911484478371,2.83636841802981,3.16388777026536,6.58476739840058,2.60160177462741,3.11263960632497,6.44831470119956,2.48382678625954,3.11026682188295,6.39737244674664,2.415476130498,3.11931074554707
"E05000748","Milkstone and Deeplish","Rochdale",24.533836092437,21.1964561764706,17.0219889915966,13.8836389495798,12.2522817226891,12.2069300420168,4.44570800420168,4.73333015966387,8.63581785294118,2.83334567647059,3.53596305042017,8.13054542016807,2.60305263865546,3.48474805042017,7.96685648739496,2.488703,3.48238944957983,7.93742934453782,2.42192622268908,3.49144344957983
"E05000749","Milnrow and Newhey","Rochdale",18.2409085569905,14.3114615103874,11.2377240718697,9.04892251993262,7.91115787254351,10.8787204486244,4.53196803537339,4.59050956653565,7.53790003144301,2.85404918304323,3.45098480853453,7.12754492588433,2.62112561089276,3.39976984671533,6.989443698484,2.50544084053902,3.39741127793375,6.94752125098259,2.43816724929815,3.40646523919147
"E05000750","Norden","Rochdale",14.650769571594,11.5573641254342,9.31735937475878,7.69587627904284,6.83965197722887,10.1317699544577,4.37552878116557,4.25842973523736,6.97642159011964,2.8107041976071,3.10796574951756,6.61671801775376,2.58273270127364,3.0567507603242,6.48193091084523,2.46949265032806,3.05439207989193,6.42980299729834,2.40248496024701,3.06344607217291
"E05000751","North Heywood","Rochdale",21.5369145945946,17.4565467927928,14.0605262702703,11.5467024576577,10.2600208630631,11.6188778558559,4.42515301621622,4.60402281801802,7.97316838018018,2.82917150630631,3.44707568288288,7.52010556756757,2.59947628288288,3.39586074774775,7.36771554594595,2.48554730630631,3.39350226126126,7.32692395675676,2.41888752432432,3.40255626126126
"E05000752","North Middleton","Rochdale",24.1432935555556,19.6428363333333,15.7725694444444,12.9924457407407,11.572016,11.9725807037037,4.472908,4.64778355185185,8.20580362592593,2.854789,3.45615485555556,7.72153912592593,2.621712,3.40493985555556,7.57197185925926,2.505942,3.40258121851852,7.54161607037037,2.438644,3.41163521851852
"E05000753","Smallbridge and Firgrove","Rochdale",20.1699440080972,16.5453996356275,13.1977333198381,10.8050294574899,9.55548860323887,11.2699277327935,4.48495663967611,4.52883887044534,7.89111672064777,2.83900133198381,3.36589360323887,7.46046019433198,2.60664759919028,3.31467860323887,7.31480474089069,2.49084611740891,3.31231987449393,7.27717117813765,2.42349044129555,3.32137387449393
"E05000754","South Middleton","Rochdale",25.0206753,20.9111244,16.733504475,13.3583561,11.656491075,12.310884375,4.4789537,4.8931269625,8.4918355325,2.86325464,3.6697502125,7.9883258525,2.62913346,3.6185352125,7.8266382425,2.5129123625,3.6161762425,7.794248825,2.445419025,3.6252302125
"E05000755","Spotland and Falinge","Rochdale",16.555128566494,13.3204845354059,10.7117291260794,8.81976035233161,7.83658212607945,10.4756654853195,4.41122307772021,4.30711768393782,7.14647346459413,2.81849042487047,3.12498824006908,6.75968707426598,2.58760977202073,3.07377336442142,6.61973806908463,2.47221413471503,3.07141471675302,6.57385716234888,2.40497703108808,3.08046871675302
"E05000756","Wardle and West Littleborough","Rochdale",13.7035671717929,10.809926732183,8.7308159699925,7.2853631387847,6.50592388072018,9.91458874418605,4.45103361215304,4.20308236834209,6.80415834283571,2.82314964816204,3.06143191597899,6.44624035858965,2.58906865866467,3.01015057989497,6.3116253735934,2.47142256264066,3.00776365341335,6.25955067366842,2.40291378394599,3.01679758589647
"E05000757","West Heywood","Rochdale",23.1342287073609,18.8725946678636,15.3196511849192,12.4472107719928,10.9210433070018,11.9942832495512,4.38511951885099,4.83380077558348,8.36868967684022,2.82637828007181,3.79657312028725,7.91075827827648,2.59738131956912,3.74535818312388,7.755449491921,2.48442471633752,3.74299946499102,7.71293057271095,2.41791922441652,3.75205341831239
"E05000758","West Middleton","Rochdale",24.3347906666667,19.4087337058824,15.3194426470588,12.1346499411765,10.513057745098,12.0792661176471,4.45407107843137,4.90927275294118,8.31873571764706,2.85087655882353,3.77010079607843,7.83535410196078,2.61842220588235,3.71888579607843,7.67604722352941,2.50318188235294,3.71652684901961,7.63659978823529,2.43600841176471,3.7255808
"E05000759","Barton","Salford",28.1916015294118,23.7938474901961,18.9265754509804,15.0046342352941,12.9881077098039,12.5579648627451,4.33926118431373,5.06110657254902,9.07303678039216,2.82197755294118,3.95543037647059,8.50110890980392,2.57694549019608,3.90836361568627,8.30215817254902,2.45513074117647,3.90589237647059,8.25027932156863,2.38060900784314,3.91427237647059
"E05000760","Boothstown and Ellenbrook","Salford",19.56674029036,15.9520562833914,12.6128489430894,10.220377126597,8.95894121370499,10.9163546806039,4.26776896747967,4.67654864924506,7.89568306387921,2.80112727642276,3.67772844947735,7.45828299767712,2.55954293495935,3.63035159001161,7.29920567944251,2.43942616260163,3.62800620325203,7.24221009407665,2.36622173170732,3.63650498722416
"E05000761","Broughton","Salford",26.6985556060606,23.0791784090909,18.1286396969697,14.4828201893939,12.7197067424242,12.3792301136364,4.45475260227273,4.73340550757576,8.73076410984848,2.88203290909091,3.64008381439394,8.20400733333333,2.64404964772727,3.58996012878788,8.03252340151515,2.52635363636364,3.58767837878788,7.99666814772727,2.45620878409091,3.59666653787879
"E05000762","Cadishead","Salford",20.2887462525458,16.4016533129667,12.8440867141887,10.2219395023761,8.85242685675492,11.0967453088934,4.26356976238968,4.76959041412084,8.11474657298031,2.8215625179905,3.82604425797692,7.65860046843177,2.57656030821453,3.7789772946368,7.49542565648337,2.45475877257298,3.77650618601494,7.43832188730482,2.38024211201629,3.78488602987101
"E05000763","Claremont","Salford",26.9165013227513,22.8765379365079,18.1620058201058,14.4458052910053,12.5683955555556,12.5402185714286,4.33346948148148,4.88202557142857,8.72404344444444,2.81216344444444,3.67863832275132,8.19617603703704,2.57086907936508,3.63075186243386,8.01183853968254,2.4508503968254,3.62860126984127,7.96723821164021,2.37865967724868,3.63729416931217
"E05000764","Eccles","Salford",27.6292360074627,23.477392761194,18.6154976865672,14.7587935074627,12.8285572014925,12.5160713059701,4.34074261940299,4.98804103731343,8.89493425373134,2.82180851492537,3.82510024253731,8.33725320522388,2.57689624626866,3.77799592537313,8.14292654104478,2.45513697014925,3.77553963059701,8.09356305970149,2.38071748507463,3.78393399626866
"E05000765","Irlam","Salford",23.2762206737968,18.6592618395722,14.5290043101604,11.3662259903743,9.7246351144385,11.572399144385,4.27696466417112,5.02137253796791,8.35915476256685,2.8097582684492,3.98751581604278,7.87082366951872,2.56626626417112,3.94044887165775,7.70030030481283,2.44522801497326,3.93797787058824,7.64607562780749,2.37100156256684,3.94635743957219
"E05000766","Irwell Riverside","Salford",27.8701933039648,23.4682676211454,18.4204307709251,14.8878426872247,13.135920814978,12.5593224229075,4.45695166299559,4.79124111453744,8.75925488986784,2.88577262995595,3.65103098237885,8.20613826211454,2.64610916960352,3.60146161013216,8.03037085903084,2.52745321145374,3.59922124008811,7.98921036784141,2.45608821365639,3.6081729339207
"E05000767","Kersal","Salford",23.9559943949045,20.218486433121,15.9857320700637,12.879383566879,11.3587066878981,11.8830534713376,4.440872,4.65436486305733,8.30019493312102,2.868407,3.50281235031847,7.82099650955414,2.634006,3.45159740127389,7.65946029617834,2.518319,3.44923875796178,7.62140641719745,2.450794,3.45829275796178
"E05000768","Langworthy","Salford",30.3851276585366,25.7177206341463,20.4414766341463,16.5338493170732,14.5761037560976,13.3369316097561,4.47553340487805,5.01106029268293,9.38572084878049,2.90419811707317,3.8721149902439,8.77389633170732,2.65961015609756,3.82403347317073,8.58079649756097,2.53820455121951,3.82188157560976,8.53893932195122,2.46325716585366,3.83073194634146
"E05000769","Little Hulton","Salford",20.5928648349057,17.5400411084906,13.7194214622642,10.9352404433962,9.54935432075472,11.148614009434,4.2561751745283,4.66283953537736,8.07698898113208,2.78915757075472,3.51616544575472,7.60632942688679,2.55090904009434,3.46809562971698,7.43803658726415,2.43238301650943,3.4660314245283,7.38848293396226,2.36128549292453,3.47479646226415
"E05000770","Ordsall","Salford",29.8493740193705,26.0209053510896,20.8323688861985,16.9638763922518,15.0342383050847,13.1064201210654,4.4799387748184,4.85637723244552,9.18798757384988,2.90688215012107,3.80133299273608,8.56314421065375,2.66231087651332,3.75321807748184,8.37409553268765,2.54091976997579,3.75107661501211,8.33549618644068,2.4659588062954,3.75994255447942
"E05000771","Pendlebury","Salford",26.233062185129,21.4673895751138,16.8189752655539,13.4118468437026,11.6462952564492,12.2440072078907,4.3385702185129,4.89439529286798,8.53312563429439,2.81263928528073,3.74778872837633,7.99938689377845,2.57321164795144,3.69931329742033,7.82538891805766,2.45420694537178,3.69721089984825,7.78007833990895,2.38325013960546,3.70601317602428
"E05000772","Swinton North","Salford",28.4901097443182,23.4510731818182,18.553490625,14.7923834090909,12.8712314204545,12.8133293181818,4.323421,5.09744033806818,8.82730219318182,2.804381,3.89414195738636,8.26718061363636,2.564209,3.84607208522727,8.08911805965909,2.444713,3.84400778125,8.05150434375,2.373248,3.85277285227273
"E05000773","Swinton South","Salford",25.0216576868327,21.1618687900356,16.8030400355872,13.3763799644128,11.6401480427046,12.0677210320285,4.323421,4.78505116725979,8.41632415302491,2.804381,3.57964776512456,7.901164113879,2.564209,3.53157797864769,7.72125090747331,2.444713,3.52951376512456,7.67654200355872,2.373248,3.53827876512456
"E05000774","Walkden North","Salford",25.0649065701559,20.9380074832962,16.4561265478842,12.956278908686,11.1909035857461,12.1249400890869,4.27276932962138,5.02840882405345,8.68903826503341,2.79308603340757,3.88173304899777,8.15295667260579,2.55434067037862,3.83366317371938,7.9728530935412,2.4355640467706,3.83159889755011,7.92926960356347,2.36437165256125,3.8403639376392
"E05000775","Walkden South","Salford",24.7064104709141,20.2473518282548,15.7545661218837,12.4188801939058,10.7358604044321,11.8277304155125,4.26820432409972,4.8643626565097,8.41327091689751,2.79206806925208,3.71755002770083,7.89369668421053,2.55345128254848,3.66948019944598,7.71543683102493,2.43473949307479,3.66741598614958,7.6688741468144,2.36357166759003,3.67618118559557
"E05000776","Weaste and Seedley","Salford",31.0100457627119,26.1299058757062,21.2740760169492,17.4987113559322,15.5262440677966,13.2283303954802,4.35475093220339,4.98927598022599,9.36425704237288,2.83060971186441,3.93748049435028,8.77104158757062,2.58556423163842,3.89031255932203,8.59349653107345,2.46376112429379,3.88787326553672,8.55994475988701,2.38918601694915,3.89629975988701
"E05000777","Winton","Salford",28.9948019836956,23.7542901902174,18.6365280978261,14.3800926630435,12.1549517282609,12.5975291847826,4.3182428125,5.25031017934783,9.01813297554348,2.81699531793478,4.158990125,8.43726888315217,2.57259941576087,4.11192024728261,8.23975760597826,2.45110519565217,4.10945028804348,8.18932313315217,2.37671128532609,4.11783132336956
"E05000778","Worsley","Salford",27.0100503818616,21.9491584844869,17.3020908949881,13.4995833198091,11.5202122267303,12.3044901312649,4.28791093556086,5.08851347494033,8.69089477088306,2.79970226252983,3.97063540095465,8.15368710381862,2.55948211217184,3.92280854653938,7.97423901073986,2.43999385799523,3.92064548806683,7.92991457159904,2.36800446181384,3.92931731384248
"E05000779","Bramhall North","Stockport",17.9224668844985,15.9888506231003,12.8216888601824,10.519390443769,9.33525202431611,11.0329894832827,4.63316735866261,4.28124750455927,7.90190631155015,3.0126676656535,3.14108487082067,7.44386975227963,2.75256789969605,3.09296711398176,7.29258602279635,2.62225592401216,3.09082642401216,7.2536963449848,2.54427116109422,3.09969384650456
"E05000780","Bramhall South and Woodford","Stockport",15.4433832535365,13.152533898803,10.5962691762786,8.71332021218716,7.72922859847661,10.2688776028292,4.63448617845484,4.16765029053319,7.30898834711643,3.04638593253536,3.05201841566921,6.87315014581066,2.77281492818281,3.00390061371056,6.71067886180631,2.63424422089227,3.00175992927095,6.65308164200218,2.55365438628945,3.01062734167573
"E05000781","Bredbury and Woodley","Stockport",24.5746793453355,20.9005056628478,16.8781367594108,13.8150101309329,12.2657755220949,12.1788641734861,4.653584,4.70543463338789,8.51558862193126,2.972818,3.53840461047463,7.98755722094926,2.719418,3.49028693617021,7.81772212438625,2.592767,3.48814625859247,7.78115997217676,2.516093,3.49701350409165
"E05000782","Bredbury Green and Romiley","Stockport",18.8376390186335,16.1525742732919,12.9254834782609,10.6615576397516,9.54270425093168,10.9247300248447,4.67803366459627,4.32676974037267,7.77989690186335,2.98292796770186,3.21739368198758,7.32963461863354,2.7282418310559,3.16927617018634,7.16598115403727,2.60093678136646,3.16713550310559,7.11442054782609,2.52401681614907,3.17600273664596
"E05000783","Brinnington and Central","Stockport",28.6204495772059,24.4096708639706,19.7329090625,15.7428361948529,13.665006875,13.0864594669118,4.63085092095588,5.06301959742647,9.16633846507353,2.97317610661765,3.87601771507353,8.55295543014706,2.71973739338235,3.82790003676471,8.35910509375,2.59306652205882,3.82575970772059,8.32371972426471,2.51638031433824,3.83462683272059
"E05000784","Cheadle and Gatley","Stockport",24.4212503209459,21.6026695945946,17.3012457263514,13.7927862837838,11.9535453209459,11.9695999493243,4.57461928716216,4.69199804222973,8.41357575337838,2.99223891216216,3.49663044594595,7.85768460641892,2.73661810810811,3.44851282601351,7.67075756587838,2.60919889864865,3.44637213344595,7.62989447466216,2.53208721621622,3.45523947804054
"E05000785","Cheadle Hulme North","Stockport",23.2480438817481,20.4695248586118,16.4655450385604,13.3287354498715,11.709410848329,11.9007559640103,4.60822198714653,4.59847216966581,8.42968388174807,3.00038440874036,3.44349332904884,7.89030788174807,2.74351116195373,3.39537579177378,7.71581405398458,2.61509514910026,3.39323486632391,7.68017807969152,2.5377318277635,3.40210256298201
"E05000786","Cheadle Hulme South","Stockport",19.6489605869565,17.8175776086957,14.2431872391304,11.5207717608696,10.0817628152174,11.0542285652174,4.61360927173913,4.36700933478261,7.83947536956522,3.01154889130435,3.19730748478261,7.35116887608696,2.75056448913044,3.14918949347826,7.18313927173913,2.6196451326087,3.14704898913043,7.13772578043478,2.5414873326087,3.15591632173913
"E05000787","Davenport and Cale Green","Stockport",21.6442633993399,19.7475874917492,15.4855135313531,12.6740527392739,11.2731591419142,11.8036805280528,4.61097449504951,4.4721064290429,8.4753268679868,3.00111495379538,3.30974317491749,7.95280088118812,2.74414873927393,3.26162579867987,7.78906336963696,2.61568544224422,3.25948487128713,7.75974282508251,2.53830444884488,3.26835256765677
"E05000788","Edgeley and Cheadle Heath","Stockport",28.2383841891892,24.2927229391892,19.5452317567568,15.5536783445946,13.5135252027027,13.0284497297297,4.60689313513514,5.07330498986487,9.17228587162162,2.99835235810811,3.79990634459459,8.54931889189189,2.74173647297297,3.75178906418919,8.3476736722973,2.61345120945946,3.74964815878378,8.31277301351351,2.53613801351351,3.75851536148649
"E05000789","Hazel Grove","Stockport",18.5406623943662,16.3682612676056,12.7859204788732,10.477579343662,9.33664244788732,11.0166496619718,4.682156,4.38018621971831,7.8362784084507,3.017625,3.23613825633803,7.36398772676056,2.758556,3.18802082535211,7.20009529014085,2.629023,3.18587992112676,7.14975658028169,2.551244,3.19474712112676
"E05000790","Heald Green","Stockport",19.9835678719008,18.0489742355372,14.3593883057851,11.6912319090909,10.2935248822314,10.9322140702479,4.58250037190083,4.32630466942149,7.69882288842975,3.00082351239669,3.17066795247934,7.19046301033058,2.74230777892562,3.12254995247934,7.00898188016529,2.6131061053719,3.12040949380165,6.95800859297521,2.53532385330579,3.12927694834711
"E05000791","Heatons North","Stockport",23.677981627907,20.0212892732558,15.9947765988372,12.915480377907,11.3894086337209,11.8047376744186,4.580669,4.6185795377907,8.32222131395349,2.958251,3.46160039244186,7.799444875,2.706714,3.41348293313954,7.61769338953488,2.581009,3.41134193313953,7.5740256627907,2.504685,3.42020901453488
"E05000792","Heatons South","Stockport",27.7458035696203,23.166448886076,18.6837961265823,14.8351146835443,12.8276909873418,12.811760278481,4.58178794683544,5.06108133670886,8.92388440759494,2.95996206835443,3.81710030379747,8.34291534177215,2.70820835949367,3.76898283544304,8.15303284810127,2.58239326329114,3.76684209113924,8.1169652886076,2.5060270556962,3.77570920506329
"E05000793","Manor","Stockport",23.5471481730769,20.9962924358974,16.6831772435897,13.5514476602564,12.0197877211538,12.0862345512821,4.67102840384615,4.5932332051282,8.53853005769231,3.0020726474359,3.41926024679487,7.99448880769231,2.74497161538462,3.37114260897436,7.81729974679487,2.6164391025641,3.36900207371795,7.78070083974359,2.53904346153846,3.37786907371795
"E05000794","Marple North","Stockport",14.5692410238305,11.9958828005296,9.61059913812886,7.97839682921447,7.1530564439541,10.1619619646955,4.74121088393645,4.12155059399823,7.48627577802295,3.01494118093557,3.01248571050309,7.08973352603707,2.75633573521624,2.96426615666372,6.93052828375993,2.6270383239188,2.96214269902913,6.86594083671668,2.54922372683142,2.97104320873786
"E05000795","Marple South","Stockport",15.3255512867647,13.1013449705882,10.4196608191176,8.67164382720588,7.8038422875,10.3768070661765,4.72963544779412,4.17203885735294,7.7049692875,3.03027043161765,3.06313818455882,7.28450218897059,2.76896252058824,3.01502063235294,7.12139938823529,2.63819669705882,3.01287989191176,7.05879473308824,2.55999204632353,3.02174742352941
"E05000796","Offerton","Stockport",19.4102805287356,17.294599954023,13.6471636321839,11.1202663448276,9.88735670804598,11.2162709885057,4.682156,4.42608332413793,8.00313975172414,3.017625,3.28783742988506,7.52867970574713,2.758556,3.23971989425287,7.36116443218391,2.629023,3.2375792,7.3139582183908,2.551244,3.24644622988506
"E05000797","Reddish North","Stockport",23.36113625,19.8076601893939,15.6602420454545,12.6597581818182,11.2083171590909,11.7409383333333,4.58771476515152,4.55117799621212,8.36410637121212,2.95815166287879,3.40883986742424,7.82548809469697,2.70662610984848,3.36072240909091,7.63405674242424,2.58092707575758,3.35858175757576,7.58622676893939,2.50460649242424,3.36744886742424
"E05000798","Reddish South","Stockport",25.0925690600522,21.0163269190601,16.8454978328982,13.6375257963446,12.0131133942559,12.1363730548303,4.60161064490862,4.6598692924282,8.48283748825065,2.96243473368146,3.4635065770235,7.93750163707572,2.71036266840731,3.41538908093995,7.75627494516971,2.58438597127937,3.41324848825065,7.71636048825065,2.50796144908616,3.42211567101828
"E05000799","Stepping Hill","Stockport",19.8240092111369,17.9042118329466,13.9821811600928,11.5420662969838,10.355654837587,11.3441288399072,4.67992811368909,4.38837609976798,8.09142958236659,3.0171082575406,3.24972094663573,7.58901551044084,2.75810507192575,3.20160314385151,7.42727179814385,2.62860555220418,3.19946261020882,7.38616484686775,2.55083900928074,3.20832983526682
"E05000800","Ashton Hurst","Tameside",20.1106887835052,16.5723843092783,13.2266803298969,10.8960220020619,9.7560432742268,11.2662666597938,4.62083146391753,4.38507828865979,7.98873591546392,2.90425441030928,3.23290688453608,7.53817353402062,2.66480865154639,3.1817047257732,7.38464733402062,2.54579634226804,3.1793468185567,7.34524708865979,2.47727771134021,3.18840004742268
"E05000801","Ashton St Michael's","Tameside",26.2890942857143,21.7453383928571,17.3397952232143,14.4114978125,12.9961695089286,12.5544807589286,4.64228725446429,4.5373480625,8.74825573660714,2.93350593303571,3.38549355803571,8.19363894196428,2.68599291964286,3.33685023660714,8.02955267410714,2.56242703571429,3.33467302232143,8.00207608928571,2.48782682589286,3.34357174553571
"E05000802","Ashton Waterloo","Tameside",23.0790159694989,18.8473044008715,15.0606559477124,12.3648073638344,11.0378418104575,11.8608225490196,4.58683229411765,4.57603519825708,8.28345046187364,2.90344447058824,3.41951881917211,7.79213379302832,2.66309788235294,3.36891111111111,7.63490674074074,2.54352247058823,3.36659543137255,7.60005338344227,2.47377209803922,3.37561276688453
"E05000803","Audenshaw","Tameside",26.7373481196581,22.2627158760684,17.8388554273504,14.3857064957265,12.6341037179487,12.9805481837607,4.621212,5.03676349358974,9.26317179059829,2.935,3.94974597863248,8.71150002777778,2.68641,3.90162853418803,8.54339145726496,2.562204,3.89948780128205,8.51419900641026,2.486462,3.90835499145299
"E05000804","Denton North East","Tameside",26.6092884532374,22.3030165827338,18.0702473741007,14.6924664028777,12.9831336330935,12.8949375899281,4.62598628776978,4.92369930215827,9.12672131294964,2.94057747482014,3.77662182014388,8.58098507553957,2.69127808633094,3.7285040323741,8.41369553956835,2.56671149280576,3.72636347841727,8.38754514388489,2.49083203956835,3.73523082014388
"E05000805","Denton South","Tameside",22.7898004844291,19.0160869204152,15.3273201384083,12.6277241868512,11.3039270588235,11.8062470242215,4.653584,4.52440103460208,8.24395016608996,2.972818,3.37960120069204,7.7491895467128,2.719418,3.33148321107266,7.58546805536332,2.592767,3.32934279238754,7.54605464359862,2.516093,3.33821020069204
"E05000806","Denton West","Tameside",26.3987974168297,21.7197245792564,17.4897673581213,14.1077488258317,12.3782587084149,12.7399973776908,4.63469490019569,5.02980215851272,8.92485025440313,2.95348735420744,3.90785729354207,8.37557819569472,2.70254639530333,3.85973979843444,8.19697003131115,2.57714534833659,3.85759906262231,8.15778137181996,2.50094732485323,3.86646610567515
"E05000807","Droylsden East","Tameside",24.685380623053,20.2828965109034,16.1089137694704,13.1269241433022,11.6529083800623,12.1889929283489,4.60787964485981,4.75184813707165,8.54541345794392,2.9315056635514,3.59900518068536,8.01669247975078,2.68352579439252,3.55079099065421,7.84365123987539,2.55964693457944,3.54864340498442,7.80126167912772,2.4841912834891,3.55751682866044
"E05000808","Droylsden West","Tameside",23.9867175892857,19.5928870535714,15.5101175,12.7654954464286,11.4214948660714,11.8382816517857,4.57599133928571,4.55612376785714,8.28536799107143,2.9264400625,3.38483003571429,7.77519752678571,2.67894549107143,3.33671219196429,7.60385538392857,2.55529608035714,3.33457143303571,7.55904586160714,2.47975820535714,3.34343883482143
"E05000809","Dukinfield","Tameside",26.833140536193,22.0090534048257,17.8162446648794,15.0158778552279,13.6559141823056,12.8057063538874,4.62391321179625,4.54434232707775,8.87468550402145,2.9354784772118,3.39467970241287,8.32424724664879,2.68682703485255,3.34656197587131,8.17538879356568,2.562589769437,3.34442145576408,8.15829908042895,2.48683643431635,3.35328896246649
"E05000810","Dukinfield Stalybridge","Tameside",22.7414851689189,18.7725783108108,15.0204341554054,12.4946459459459,11.2726657297297,11.8794943581081,4.69245059459459,4.40975114189189,8.2646697027027,2.9476187972973,3.26646293918919,7.77269647297297,2.69740838851351,3.2183452027027,7.61730750337838,2.57237783108108,3.2162048277027,7.58210470945946,2.49633689189189,3.22507183445946
"E05000811","Hyde Godley","Tameside",21.4540629718875,16.5008330923695,13.277557746988,11.0154809779116,9.90834696184739,11.496038935743,4.70961942168675,4.41593984939759,7.96617612248996,2.97260150200803,3.26920433935743,7.49287886144578,2.7192141064257,3.22108679518072,7.33300411044177,2.59256863855422,3.21894619477912,7.28861982329317,2.51591090763052,3.22781345783133
"E05000812","Hyde Newton","Tameside",23.596286275395,19.1488902708804,15.5076797742664,12.873750214447,11.5419436343115,12.198803972912,4.66734949887133,4.59433518961625,8.41198781264108,2.94317253273138,3.42475503160271,7.90291275620767,2.69353307900677,3.37663728668172,7.74148262979684,2.56879305643341,3.37449647629797,7.70562509029345,2.49285744920993,3.38336376072235
"E05000813","Hyde Werneth","Tameside",17.8689561127596,14.8468745252226,11.8939610994065,9.83357970178042,8.81804216023739,10.8022730563798,4.70286737091988,4.27990175964392,7.64145397181009,2.9813474272997,3.14471845548961,7.20089539317507,2.72685128189911,3.09660114243323,7.03986658160237,2.59964242433234,3.09446026854599,6.98705522255193,2.52276631305638,3.10332739020772
"E05000814","Longdendale","Tameside",16.4477865374677,12.9839644358312,10.4081702919897,8.56998944358312,7.64082930146425,10.6332058742463,4.74067602325581,4.28002119035314,7.60010533850129,2.9797357622739,3.1572670129199,7.18928938329027,2.72682658225668,3.10818951593454,7.03531024720069,2.60041842549526,3.10621251507321,6.97705212316968,2.52253136089578,3.11539066149871
"E05000815","Mossley","Tameside",17.1362572245763,13.8807883898305,11.0228236980932,9.15345206779661,8.21470096927966,10.8664629661017,4.65629760169492,4.25213106567797,8.15829380826271,2.91286189830508,3.15864427436441,7.73385588135593,2.6714753220339,3.1075324713983,7.58153361652542,2.55136657627119,3.10522791101695,7.53460185275424,2.48200984745763,3.11432393326271
"E05000816","St Peter's","Tameside",30.1506549046322,24.8731583378747,20.0733126430518,16.5780904359673,14.8209041689373,13.6606425340599,4.62086242234332,4.94930934332425,9.56202889373297,2.93467913896458,3.81906963215259,8.9483188746594,2.68617295912807,3.77092634059946,8.78509656675749,2.56201404359673,3.76878429155313,8.76984476839237,2.48633296730245,3.77765305449591
"E05000817","Stalybridge North","Tameside",20.7014008347826,16.9023907130435,13.4126347756522,11.1586028504348,10.0544717304348,11.3539247478261,4.67023401739131,4.33058242956522,8.10405265565217,2.92837448521739,3.20844265043478,7.63743668521739,2.6832771826087,3.15875755130435,7.48534443130435,2.56112338434783,3.15650685043478,7.44521373217391,2.48883859826087,3.16546854608696
"E05000818","Stalybridge South","Tameside",15.2508763958212,12.0493384010447,9.67527255020313,8.08007195124782,7.26337312071967,10.3911174405107,4.72414990771909,4.1795981781776,7.23587817759721,2.95797008125363,3.06840643644806,6.84561301218804,2.70679216018572,3.01902046836912,6.7023598322693,2.58115678583865,3.01705062855485,6.64732258618688,2.50449594602438,3.02627222809054
"E05000819","Altrincham","Trafford",20.8006920529801,17.928073410596,14.222337205298,11.3855482251656,10.0104270033113,11.2581367549669,4.39090171523179,4.41359245695364,7.96817835761589,2.89322062251656,3.3356370794702,7.47835926821192,2.63916097350993,3.2885700794702,7.30262219205298,2.51278575827815,3.28609905629139,7.25462482450331,2.43651965562914,3.29447887086093
"E05000820","Ashton upon Mersey","Trafford",21.8962659051724,18.9824158189655,15.0975448706897,11.9621270689655,10.3990104396552,11.3785902155172,4.368143,4.59240151293103,8.11656382758621,2.856143,3.46779686206897,7.61552021551724,2.606773,3.42072945689655,7.43220958189655,2.482766,3.41825848706897,7.38213467672414,2.407409,3.42663843534483
"E05000821","Bowdon","Trafford",16.0917968100511,13.506134697615,10.7350595366269,8.61005224446337,7.51321623211244,10.3559049063032,4.32637163032368,4.44448944505962,7.6943243939523,2.87022479897785,3.54420556984668,7.28404304301533,2.61906378236797,3.49713852810903,7.12549070229983,2.49415104727428,3.49466739735945,7.06481159284497,2.41844516098808,3.50304724105622
"E05000822","Broadheath","Trafford",19.2689342344498,16.4097850478469,13.0697195239234,10.6000314473684,9.38400407416268,10.9747339473684,4.37892837559809,4.43648619138756,8.01520851913876,2.87582744736842,3.42171329904306,7.55065688277512,2.62396758373206,3.37464618899522,7.3792603277512,2.49870322248804,3.37217502870813,7.32352176076555,2.42286347129187,3.3805548062201
"E05000823","Brooklands","Trafford",21.0768085152838,18.3449316593886,14.4902230567686,11.5317408733624,10.109409650655,11.2150975982533,4.368143,4.51161686026201,8.03513493886463,2.856143,3.39019878165939,7.54196425764192,2.606773,3.3431313930131,7.3589732838428,2.482766,3.34066078165939,7.30992972489083,2.407409,3.3490403930131
"E05000824","Bucklow-St Martins","Trafford",16.9903857810107,14.5510119372129,11.5761052526799,9.41262184456355,8.31866752143951,10.5152197090352,4.31541342572741,4.50864828713629,7.8104883323124,2.84309126952527,3.62598853215926,7.38646779862175,2.59536649464012,3.57892147473201,7.22817679862175,2.4721897611026,3.57645041653905,7.17067579096478,2.39714912251149,3.58483027871363
"E05000825","Clifford","Trafford",29.1912013829787,24.3194224468085,19.2250990957447,15.352427393617,13.4891079255319,12.7045765425532,4.48042564893617,4.77127809574468,8.85446888829787,2.90727482978723,3.65538156914894,8.29161926595745,2.66268099468085,3.60726364361702,8.1063835,2.54127894680851,3.60512320212766,8.06887730851064,2.46631235106383,3.61399060638298
"E05000826","Davyhulme East","Trafford",28.3013566346154,22.7555555528846,17.9861450961538,14.1240114663462,12.1735689423077,12.4634200480769,4.34205652403846,5.07971004326923,8.90889452163461,2.82329311057692,4.03551893990385,8.35961881490385,2.57809437019231,3.98845193509615,8.17198828846154,2.45619544711538,3.98598093509615,8.12422803846154,2.38164166346154,3.99436073317308
"E05000827","Davyhulme West","Trafford",22.0953643548387,18.5541773271889,14.5357273963134,11.4813021981567,9.95789899078341,11.2800683640553,4.30634086635945,4.7025740875576,8.11746630875576,2.81954194009217,3.61640987327189,7.63346029723502,2.57481173041475,3.56934287327189,7.45916517511521,2.45314852073733,3.56687187327189,7.40576438248848,2.37868429262673,3.57525172580645
"E05000828","Flixton","Trafford",19.4283509535452,17.0076244743276,13.213452396088,10.5669466552567,9.27756066259169,10.7905103667482,4.32069742298289,4.49019555501222,7.8806227408313,2.84278530562347,3.46997969437653,7.4172220806846,2.59510114669927,3.42291269437653,7.24810693643032,2.47194507823961,3.42044169437653,7.19225113447433,2.39691227872861,3.42882145232274
"E05000829","Gorse Hill","Trafford",28.149170792752,23.8579677463194,19.2468631370328,16.0110445526614,14.4076991619479,12.7885484824462,4.3690271993205,4.7848446783692,9.00246778822197,2.83936752774632,3.75182957644394,8.4366065617214,2.59436101925255,3.70455424462061,8.27702155039638,2.47259713363533,3.70214858323896,8.24745190486976,2.39797546659117,3.7106252797282
"E05000830","Hale Barns","Trafford",21.021859257485,17.5571850898204,14.0763353652695,11.3557458994012,9.91751615928144,11.0384621796407,4.42103748023952,4.52267632215569,7.83881173173653,2.91344735568862,3.4234089760479,7.33613276287425,2.65848475688623,3.37613430898204,7.15228346227545,2.5316092011976,3.37372839640719,7.09963853053892,2.45492965149701,3.38220461197605
"E05000831","Hale Central","Trafford",19.5867844061303,16.9112724904215,13.3321739846743,10.5790050038314,9.24177336398467,10.7785720689655,4.391612,4.38825580842912,7.78283521455939,2.893422,3.35778110344828,7.31421622222222,2.639337,3.31071392337165,7.14099562452107,2.512949,3.30824292337165,7.09040403831418,2.436678,3.31662288888889
"E05000832","Longford","Trafford",28.1684156818182,22.6316445738636,18.1958343181818,14.7004363352273,12.9513589488636,12.4912535511364,4.48111408522727,4.73021592329545,8.58804801988636,2.91696895454545,3.58913850284091,8.04632500852273,2.67002489488636,3.54112548295455,7.86442514488636,2.54741591761364,3.53895171875,7.82223152272727,2.47204891477273,3.54777097159091
"E05000833","Priory","Trafford",24.7966889937107,21.8581490251572,17.4725241509434,13.6592388679245,11.7083134591195,12.0774880503145,4.40259398113208,4.91976690880503,8.65823268238994,2.87730013207547,3.78735013836478,8.10479079874214,2.62800837735849,3.74002520125786,7.90768903459119,2.50408771698113,3.73763544025157,7.86094556289308,2.42861567924528,3.74613471698113
"E05000834","St Mary's","Trafford",19.056396641791,16.4602674253731,13.0338505597015,10.4323863470149,9.16244682835821,10.8630154850746,4.368143,4.46263887686567,7.82352122761194,2.856143,3.37964989925373,7.36945561567164,2.606773,3.3325829141791,7.20016458208955,2.482766,3.3301117238806,7.1481548880597,2.407409,3.3384917238806
"E05000835","Sale Moor","Trafford",24.4260248214286,21.3846557857143,17.0526583928571,13.2701743571429,11.3466819,12.1341859642857,4.48702727857143,4.99539915714286,8.63473317857143,2.92915254285714,3.79661065357143,8.09930246071429,2.68005255357143,3.74865408928571,7.90764621071429,2.55634349642857,3.74646286785714,7.86175539642857,2.48058952142857,3.75525543214286
"E05000836","Stretford","Trafford",24.5741271118012,21.4274804658385,17.1515218322981,13.5359438198758,11.6639945652174,11.9522917080745,4.36689786024845,4.87197228571429,8.5418243447205,2.85457503416149,3.72881363975155,8.01599674844721,2.60540413354037,3.68174686645963,7.8331994068323,2.48149775465839,3.67927549068323,7.78706860559006,2.4061790931677,3.68765549068323
"E05000837","Timperley","Trafford",20.6872571219512,18.2766649268293,14.3151153170732,11.3484304878049,9.94360373170732,11.1233544878049,4.38840647804878,4.44557482439024,7.9977275902439,2.88833023414634,3.34436646341463,7.50453068780488,2.63488923414634,3.29729946341463,7.32092278536585,2.50882644390244,3.29482830243902,7.2703707902439,2.43268028292683,3.30320830243902
"E05000838","Urmston","Trafford",22.351951509434,19.5683173315364,15.3909502425876,12.1828840619946,10.577729180593,11.4523138005391,4.36727845013477,4.72018920485175,8.25465826145553,2.85505429919137,3.62294323719677,7.74185283557951,2.60582254177898,3.57587631536388,7.55912026145553,2.48188540700809,3.57340523719677,7.50653952021563,2.40655502695418,3.58178522911051
"E05000839","Village","Trafford",21.4346287671233,18.689089543379,14.6947978538813,11.6341647031963,10.1645234977169,11.2225580821918,4.39453919178082,4.47497097716895,8.02761056621005,2.89308752054795,3.37220591780822,7.53437989497717,2.6394552283105,3.32510068493151,7.3525373196347,2.51330281278539,3.32264139269406,7.30428522374429,2.43710013242009,3.33103901369863
"E05000840","Abram","Wigan",16.9186107781202,14.0389170030817,11.2786825285054,9.38169200616333,8.3994508605547,10.5395593143297,4.07711601386749,4.52714570647149,8.79096764021572,2.72347147765793,3.59708767719569,8.35976057395994,2.48986414329738,3.54886323112481,8.1929339183359,2.37365681432974,3.5466912742681,8.13386028736518,2.30401896302003,3.5553795431433
"E05000841","Ashton","Wigan",19.821009070568,16.3668200516351,13.1331353872633,10.7887228450947,9.5822649827883,11.180699707401,3.9804314475043,4.86400260240964,9.0244847383821,2.66154584509466,3.97254051635112,8.55887183476764,2.43004420481928,3.92301153872633,8.38541826678141,2.31505880895009,3.92048048709122,8.33182337349398,2.24753032358003,3.92928750946644
"E05000842","Aspull New Springs Whelley","Wigan",15.577173958021,12.7343370914543,10.186214828086,8.43496410594703,7.55004946126937,10.1409374132934,4.00828855722139,4.403245,7.96141331834083,2.66880502548726,3.43308496051974,7.56786547526237,2.43949649175412,3.38470896551724,7.41920946026987,2.32544190854573,3.38246867866067,7.36542610994503,2.25711850024988,3.39111158170915
"E05000843","Astley Mosley Common","Wigan",18.182687223796,14.7762941189802,11.6532671331445,9.5030468878187,8.37986193597734,10.6535808951841,4.23166120283286,4.57461020453258,7.76662687705382,2.79200397677054,3.58419867478754,7.34025960963173,2.55160542492918,3.53680715184136,7.18297539093484,2.43208606515581,3.53446777450425,7.1248177898017,2.35914053371105,3.5429721490085
"E05000844","Atherleigh","Wigan",17.9743047202797,15.3857332517483,12.1855192657343,9.89969219230769,8.76611670104895,10.9351789160839,4.1894696993007,4.47932079895105,8.13988681993007,2.77369186013986,3.44624451398601,7.69629992307692,2.537389,3.39817468006993,7.52957758041958,2.41984472727273,3.3961103479021,7.47614279370629,2.34912151048951,3.4048753479021
"E05000845","Atherton","Wigan",18.4146565690377,15.5027423221757,12.0885071129707,9.79074183472803,8.6670725334728,10.8729213179916,4.19101776778243,4.53484090376569,8.28518955020921,2.77406923640167,3.51193523849372,7.82299528661088,2.53771899790795,3.46386523849372,7.64908956485356,2.42015082217573,3.46180114644351,7.59303584309623,2.34941846861925,3.47056614644351
"E05000846","Bryn","Wigan",20.623456070901,16.8350265731167,13.2474441063516,10.6693297429838,9.34676247562777,11.4538898227474,3.96326973116691,5.05416552141802,8.69983935302806,2.64442758493353,4.10292134268833,8.22842836189069,2.41289759822747,4.05408441802068,8.05858479172821,2.29772054800591,4.05165631019202,8.00718707237814,2.23001324519941,4.06024384490399
"E05000847","Douglas","Wigan",20.355464308094,17.4033196866841,13.8924931592689,11.3999322819843,10.1838910234987,11.066614073107,3.9477712689295,4.63264081462141,9.16478838903394,2.62843996344648,3.55972684856397,8.68154632898172,2.3984522689295,3.51107239164491,8.50405321409922,2.28401102610966,3.50867185117493,8.45678804438642,2.21653552741514,3.5172034229765
"E05000848","Golborne and Lowton West","Wigan",19.6336251604938,15.4943113580247,12.4531392222222,10.2891602419753,9.12804145802469,11.0921354567901,4.10360051234568,4.76330937283951,9.15820809012346,2.74969307037037,3.8712835037037,8.69506905679012,2.51256774938272,3.82357448395062,8.52412090493827,2.39476786296296,3.8210748345679,8.46682629876543,2.32276594197531,3.82957920864198
"E05000849","Hindley","Wigan",17.7506696463654,14.7937965225933,11.7633131827112,9.71957933398821,8.70555938113949,10.6939219253438,4.11829189980354,4.50279451866405,9.04896998821218,2.75124582318271,3.47833949508841,8.59990771709234,2.51777975638507,3.43026957170923,8.42437947937132,2.40166806090373,3.42820517092338,8.36566720628684,2.33148900785855,3.43697017092338
"E05000850","Hindley Green","Wigan",17.8857667458432,15.0588014251781,12.1311639192399,10.1218894845606,9.11606411401425,11.0592904513064,4.125722,4.47355152256532,9.02481259857482,2.757948,3.42700298812352,8.57488293824228,2.52362,3.37893299049881,8.40434582897862,2.407072,3.376868847981,8.35056555819477,2.33673,3.385633847981
"E05000851","Ince","Wigan",20.7260436268344,17.3856086373166,14.0109678616352,11.8131751677149,10.7657436561845,11.0250685744235,4.02279399580713,4.5299920985325,9.0891078951782,2.6811620293501,3.46993148218029,8.61119342557652,2.45033208595388,3.42155894339623,8.44225244654088,2.33550803144654,3.41932038784067,8.39613474004193,2.26688679035639,3.42796494549266
"E05000852","Leigh East","Wigan",18.6843375806452,15.4711560282258,12.2819176814516,10.0418067419355,8.93443796975806,10.9423416330645,4.19239735080645,4.51510285080645,7.97369988709677,2.77587714314516,3.48857774193548,7.52088646774193,2.53897366330645,3.44063116330645,7.35303582862903,2.42114306653226,3.43851685887097,7.29921032056452,2.3500435,3.44723451008065
"E05000853","Leigh South","Wigan",20.0625346697389,16.1529992165899,12.8645626267281,10.533626,9.35042735023042,11.2154577112135,4.19606101689708,4.71987916129032,8.27910934562212,2.78714971889401,3.77106417050691,7.82271623809524,2.54650408448541,3.72399717050691,7.65986329339478,2.42690432411674,3.72152617050691,7.60712862519201,2.35322560061444,3.72990603840246
"E05000854","Leigh West","Wigan",17.2880633837689,14.4091022971114,11.530947562586,9.5026811127923,8.48678855845942,10.7588856258597,4.13438808253095,4.47405144704264,8.21759931224209,2.7613355392022,3.42522980467675,7.77420898624484,2.52629427097662,3.37726903163686,7.60297389270977,2.40940099449794,3.37516056121045,7.54568396148556,2.33869138651995,3.3838837221458
"E05000855","Lowton East","Wigan",19.3079038701068,15.5027998754448,12.2263490035587,9.98940802313167,8.82941149822064,11.0725612544484,4.13650586120996,4.79085746708185,8.58712468683274,2.77245459786477,3.90003861743772,8.13962420106762,2.53365255871886,3.85297159074733,7.97784038434164,2.41498119217082,3.85050057740214,7.92171637900356,2.34165991459075,3.85888042793594
"E05000856","Orrell","Wigan",19.0921404575893,15.4178828459821,12.2157786328125,9.70053716517857,8.38120554017857,11.2082056808036,3.89213099553571,5.11729021316964,8.83531525892857,2.61980865513393,4.37787485825893,8.4042588828125,2.390867046875,4.32922067522321,8.245684765625,2.27695010379464,4.32682001674107,8.19572768080357,2.20968537834821,4.3353517578125
"E05000857","Pemberton","Wigan",19.9288313128039,15.6002438249595,12.3912054132901,10.1337596272285,9.01471632901134,11.0802584278768,3.90456892058347,4.73903929821718,8.51225662722853,2.61364695461912,3.71832906645057,8.06440619448946,2.38552560777958,3.66967500810373,7.91150498379254,2.27202644246353,3.66727420421394,7.87091381037277,2.20491039384117,3.67580600810373
"E05000858","Shevington with Lower Ground","Wigan",18.0940062946429,14.3121983035714,11.2940525245536,9.01447954575893,7.84641547544643,10.823055796875,3.88781854241071,4.8807445859375,8.264152671875,2.60447546875,3.95948850111607,7.84820162611607,2.37752779464286,3.91083422433036,7.69622269754464,2.26462238616071,3.90843361941964,7.64813077455357,2.19772890848214,3.91696526785714
"E05000859","Standish with Langtree","Wigan",16.23378493756,13.0075055715658,10.3958707118156,8.38020948607109,7.32087292699328,10.3405267050913,3.9165777598463,4.67924300192123,7.96293503362152,2.60570520461095,3.78916602689721,7.56232771950048,2.37864705571566,3.74051170028818,7.41374645148895,2.26568805667627,3.73811122574448,7.36315337848223,2.19876349759846,3.74664297022094
"E05000860","Tyldesley","Wigan",18.1854881021898,15.2102558576642,11.9579824270073,9.68892485583942,8.55942243248175,10.681567189781,4.21201824452555,4.49569335948905,7.85048836861314,2.77900439781022,3.42499324270073,7.40474748722628,2.54203300364964,3.37692337043796,7.23909767883212,2.42415138321168,3.37485933759124,7.18513732116788,2.35329957664234,3.38362433759124
"E05000861","Wigan Central","Wigan",21.0451283381089,18.2815585673352,14.6417879484241,12.0387468767908,10.8061897851003,10.9632476160458,3.936964,4.54308238395415,8.28392271346705,2.618542,3.39574780515759,7.80131740974212,2.389829,3.3470935530086,7.62926639255014,2.276033,3.34469289111748,7.58368759025788,2.208797,3.3532247277937
"E05000862","Wigan West","Wigan",19.2707010144928,15.6394146376812,12.5130459637681,10.4246066702899,9.38138706884058,10.6964301521739,3.936964,4.48033078623188,8.1351823442029,2.618542,3.38983279347826,7.68474043115942,2.389829,3.34117831521739,7.52558085507246,2.276033,3.33877809057971,7.48022663043478,2.208797,3.3473095615942
"E05000863","Winstanley","Wigan",19.2036564724919,15.4676909708738,12.2528675080906,9.82619575080906,8.58494257928803,11.1025044174757,3.93794752750809,4.96339142071197,8.52864137216828,2.63499085760518,4.05218741585761,8.08996641909385,2.40413555987055,4.00353332524272,7.92889025080906,2.28925312944984,4.0011328381877,7.87923556796116,2.22161973786408,4.00966432524272
"E05000864","Worsley Mesnes","Wigan",17.933977466443,15.0374690268456,12.0059357885906,9.94967372147651,8.92445401845638,10.5907318791946,3.96151932214765,4.54180043791946,8.27693933053691,2.64103127852349,3.49247381040268,7.83964290604027,2.40942203020134,3.44381945973154,7.67601656879195,2.29415996644295,3.44141906040268,7.62379349328859,2.22637979865772,3.44995058053691
